source_id,source,series,method,period_days,cycles,observed_statistic,statistic_name,null_model,local_fap,global_fap,local_confidence,global_confidence,reference_95,reference_99,above_95,above_99,n_surrogates,exceed_count,global_exceed_count,local_window_min_days,local_window_max_days,ar1_alpha,note
1es2344p514,1ES 2344+514,wcda_weekly,CWT,86.67769135952088,21.237683854898243,1.7251567883638363,Global wavelet spectrum,AR(1) red noise via PyCWT time-averaged significance,,,,,1.8355603391387376,2.2029976794658896,False,False,0,0,0,,,0.07325860820783055,Quick-look candidate peak; no source/method/survey trial correction.
1es2344p514,1ES 2344+514,wcda_weekly,CWT,218.41409580030265,8.428180423158379,1.9872985178668747,Global wavelet spectrum,AR(1) red noise via PyCWT time-averaged significance,,,,,2.260355635663921,2.936000498872336,False,False,0,0,0,,,0.07325860820783055,Quick-look candidate peak; no source/method/survey trial correction.
1es2344p514,1ES 2344+514,wcda_weekly,WWZ,89.49963162535032,20.568055677276583,2.042594583147789,Local-window max global WWZ,AR(1) Gaussian surrogate on same weekly sampling,0.06493506493506493,0.6433566433566433,0.935064935064935,0.35664335664335667,1.8813447102141805,2.283034054455333,True,False,1000,64,643,80.54966846281529,98.44959478788536,0.07325860820783055,Quick-look candidate peak; no source/method/survey trial correction.
1es2344p514,1ES 2344+514,wcda_weekly,WWZ,214.8484411986304,8.568055677276583,2.0167136837066777,Local-window max global WWZ,AR(1) Gaussian surrogate on same weekly sampling,0.15084915084915085,0.6573426573426573,0.8491508491508492,0.3426573426573427,2.3160602607560787,3.066471953746089,False,False,1000,150,657,193.36359707876738,236.33328531849347,0.07325860820783055,Quick-look candidate peak; no source/method/survey trial correction.
