source_id,source,series,n_points,mjd_min,mjd_max,median_dt_days,cwt_peak_period_days,cwt_peak_gws,wwz_peak_period_days,wwz_peak_power
ic310,IC 310,wcda_weekly,264,59284.33328206009,61125.16668842604,6.999996874903445,389.1696759445418,4.056774896398011,402.9796343164169,4.337479406554889
