source,window,method,period_days,cycles,observed_power,significance
Mrk 421,59500-60500,CWT strongest,137.59231987331904,7.224240429372611,3.6687420269547277,deferred
Mrk 421,59500-60500,WWZ strongest,138.89147647880762,7.156666666666668,4.775693219183969,deferred
Mrk 421,59500-60500,CWT targeted 140 d band,137.59231987331904,7.224240429372611,3.6687420269547277,deferred
Mrk 421,59500-60500,WWZ targeted 140 d band,138.89147647880762,7.156666666666668,4.775693219183969,deferred
