source_id,source,series,n_points,mjd_min,mjd_max,median_dt_days,cwt_peak_period_days,cwt_peak_gws,wwz_peak_period_days,wwz_peak_power
mkn421,Mrk 421,wcda_weekly,264,59284.33328206009,61125.16668842604,6.999996874903445,367.32726039871164,4.486214898079019,363.2228064540831,5.176936173181033
